mean_fit_time,std_fit_time,mean_score_time,std_score_time,param_max_depth,param_min_samples_leaf,param_n_estimators,params,split0_test_score,split1_test_score,split2_test_score,mean_test_score,std_test_score,rank_test_score
0.25226465861002606,0.02608167445164677,0.052310546239217125,0.0028050114627587303,,1,50,"{'max_depth': None, 'min_samples_leaf': 1, 'n_estimators': 50}",-0.2599199999999994,-0.26454051282051344,-0.23556205128205074,-0.25334085470085455,0.012712242732486544,8
0.36005965868632,0.10282324834277226,0.04660407702128092,0.0024589094332002613,,1,100,"{'max_depth': None, 'min_samples_leaf': 1, 'n_estimators': 100}",-0.2570051282051288,-0.26129589743589676,-0.2352235897435894,-0.25117487179487163,0.011414471062576538,2
0.48490150769551593,0.01267120342745746,0.07322287559509277,0.003557655184138742,,1,200,"{'max_depth': None, 'min_samples_leaf': 1, 'n_estimators': 200}",-0.2596930769230786,-0.2628982051282031,-0.2378943589743577,-0.25349521367521316,0.011108801683071651,13
0.13752667109171549,0.012130590481022862,0.04774594306945801,0.0125402614581543,,3,50,"{'max_depth': None, 'min_samples_leaf': 3, 'n_estimators': 50}",-0.25413716897063027,-0.27073799981784563,-0.2353532035884346,-0.25340945745897014,0.014454944346310191,11
0.3039877414703369,0.02763907209018452,0.04874976476033529,0.006670058302645687,,3,100,"{'max_depth': None, 'min_samples_leaf': 3, 'n_estimators': 100}",-0.25189171191201987,-0.2697387453685916,-0.23524552745545066,-0.2522919949120207,0.014084641525693251,3
0.5152910550435384,0.027808468810554196,0.07600927352905273,0.007165278164247684,,3,200,"{'max_depth': None, 'min_samples_leaf': 3, 'n_estimators': 200}",-0.2550301847443863,-0.2700637487156717,-0.23613156874037713,-0.25374183406681167,0.01388267733712894,14
0.16024263699849448,0.026172943212269054,0.04543900489807129,0.007911608113711645,,5,50,"{'max_depth': None, 'min_samples_leaf': 5, 'n_estimators': 50}",-0.26165081173972765,-0.28160126724166723,-0.2423385523126113,-0.26186354376466875,0.01602964206474793,27
0.24036184946695963,0.005944045915178681,0.04426948229471842,0.0019005904306335685,,5,100,"{'max_depth': None, 'min_samples_leaf': 5, 'n_estimators': 100}",-0.26035403947919356,-0.28010149052117145,-0.24178335698246736,-0.26074629566094415,0.01564577127440683,20
0.5275687376658121,0.029947973652966968,0.07588982582092285,0.004623880571891763,,5,200,"{'max_depth': None, 'min_samples_leaf': 5, 'n_estimators': 200}",-0.26263665329554714,-0.27930965100830285,-0.24174759360573192,-0.26123129930319394,0.015366810642016247,22
0.14237093925476074,0.022313902333250528,0.044297377268473305,0.010078169257946887,8,1,50,"{'max_depth': 8, 'min_samples_leaf': 1, 'n_estimators': 50}",-0.257349683140569,-0.26731359321920856,-0.23528454919827552,-0.2533159418526844,0.013383278542193502,7
0.26349536577860516,0.01813324278934256,0.04902966817220052,0.0019846402210809515,8,1,100,"{'max_depth': 8, 'min_samples_leaf': 1, 'n_estimators': 100}",-0.2580943742737862,-0.26427676803830075,-0.2354719656070096,-0.2526143693063655,0.012381491606658862,6
0.5205138524373373,0.03361421767541243,0.0750437577565511,0.010135858531655374,8,1,200,"{'max_depth': 8, 'min_samples_leaf': 1, 'n_estimators': 200}",-0.260768480891099,-0.26428880582000963,-0.23732850223112653,-0.2541285963140784,0.011966078243610222,18
0.1851645310719808,0.04116850802991761,0.036856889724731445,0.0032440960183065287,8,3,50,"{'max_depth': 8, 'min_samples_leaf': 3, 'n_estimators': 50}",-0.25416635849335867,-0.2707513689758101,-0.23665698452854095,-0.2538582373325699,0.013920679262565731,16
0.24443650245666504,0.0036630567541749482,0.04516132672627767,0.0015705502741234696,8,3,100,"{'max_depth': 8, 'min_samples_leaf': 3, 'n_estimators': 100}",-0.2521079627715119,-0.26931776349874753,-0.2358482264231522,-0.25242465089780386,0.013665716142733814,5
0.5037184556325277,0.020529472842632148,0.07547823588053386,0.0053022613077623685,8,3,200,"{'max_depth': 8, 'min_samples_leaf': 3, 'n_estimators': 200}",-0.2552284503389762,-0.2700871194517915,-0.23632543070366788,-0.25388033349814515,0.013816076892366929,17
0.1783879597981771,0.03014711596477728,0.04972012837727865,0.020017403390732613,8,5,50,"{'max_depth': 8, 'min_samples_leaf': 5, 'n_estimators': 50}",-0.2616733249672411,-0.28180149670302707,-0.2420689160257031,-0.26184791256532375,0.016221227911640303,25
0.23053789138793945,0.010751931489875488,0.042513529459635414,0.002123517583228489,8,5,100,"{'max_depth': 8, 'min_samples_leaf': 5, 'n_estimators': 100}",-0.2603533302809844,-0.2802066408076448,-0.24188474943806132,-0.26081490684223013,0.01564825079099807,21
0.5126640796661377,0.02939385594104319,0.08365472157796223,0.011345299684099728,8,5,200,"{'max_depth': 8, 'min_samples_leaf': 5, 'n_estimators': 200}",-0.26260475705717046,-0.2792861749296016,-0.24182568243276867,-0.26123887147318026,0.015323649632680712,24
0.1385641892751058,0.02136296122819077,0.05374844868977865,0.010358434598013519,16,1,50,"{'max_depth': 16, 'min_samples_leaf': 1, 'n_estimators': 50}",-0.2600471794871788,-0.26481358974359004,-0.23523782295482282,-0.2533661973951972,0.012965547592778862,10
0.2690645058949788,0.02599170406170342,0.05956570307413737,0.013994087523562238,16,1,100,"{'max_depth': 16, 'min_samples_leaf': 1, 'n_estimators': 100}",-0.2570569230769237,-0.26135930769230703,-0.23406978057128075,-0.25082867044683715,0.011979786329214225,1
0.548119862874349,0.017693297484459483,0.09796055157979329,0.024963096257230234,16,1,200,"{'max_depth': 16, 'min_samples_leaf': 1, 'n_estimators': 200}",-0.25970179487179657,-0.26299953479853244,-0.23734111343286282,-0.25334748103439725,0.011398000555731574,9
0.15114529927571616,0.027213437506160437,0.061066230138142906,0.02224032134554615,16,3,50,"{'max_depth': 16, 'min_samples_leaf': 3, 'n_estimators': 50}",-0.25413716897063043,-0.2707379998178458,-0.23535320358843426,-0.2534094574589702,0.0144549443463104,12
0.2531704107920329,0.016448237267972815,0.047002315521240234,0.005289796150527992,16,3,100,"{'max_depth': 16, 'min_samples_leaf': 3, 'n_estimators': 100}",-0.2518917119120199,-0.26973874536859144,-0.23524552745545066,-0.2522919949120207,0.014084641525693184,3
0.5015461444854736,0.02384905856353706,0.07533677419026692,0.0017874911970328004,16,3,200,"{'max_depth': 16, 'min_samples_leaf': 3, 'n_estimators': 200}",-0.25503018474438593,-0.2700637487156719,-0.23613156874037708,-0.25374183406681167,0.01388267733712904,14
0.16350722312927246,0.020217142937369575,0.04125475883483887,0.007481572955738868,16,5,50,"{'max_depth': 16, 'min_samples_leaf': 5, 'n_estimators': 50}",-0.26165081173972776,-0.28160126724166706,-0.24233855231261123,-0.2618635437646687,0.01602964206474789,26
0.24677030245463052,0.01510892996061356,0.04574418067932129,0.0021720795225200224,16,5,100,"{'max_depth': 16, 'min_samples_leaf': 5, 'n_estimators': 100}",-0.26035403947919333,-0.28010149052117134,-0.24178335698246764,-0.2607462956609441,0.015645771274406674,19
0.4281960328420003,0.03135216588752552,0.05557521184285482,0.007614765592135459,16,5,200,"{'max_depth': 16, 'min_samples_leaf': 5, 'n_estimators': 200}",-0.26263665329554736,-0.27930965100830285,-0.24174759360573173,-0.26123129930319394,0.015366810642016336,22
